center_0,center_1,center_2,center_3,center_4,center_5,center_6,center_7,radii_0,radii_1,radii_2,radii_3,radii_4,radii_5,radii_6,radii_7,weights_0,weights_1,weights_2,weights_3,weights_4,weights_5,weights_6,weights_7,weights_8,weights_9,weights_10,weights_11,weights_12,weights_13,weights_14,weights_15,weights_16,weights_17,weights_18,weights_19,weights_20,weights_21,weights_22,weights_23,weights_24,weights_25,weights_26,weights_27,weights_28,weights_29,weights_30,weights_31,weights_32,weights_33,weights_34,weights_35,weights_36,weights_37,weights_38,weights_39,weights_40,weights_41,weights_42,weights_43,weights_44,weights_45,weights_46,weights_47,weights_48,weights_49,weights_50,weights_51,weights_52,weights_53,weights_54,weights_55,weights_56,weights_57,weights_58,weights_59,weights_60,weights_61,weights_62,weights_63,weights_64,weights_65,weights_66,weights_67,weights_68,weights_69,weights_70,weights_71,weights_72,weights_73,weights_74,weights_75,weights_76,weights_77,weights_78,weights_79,weights_80,weights_81,weights_82,weights_83,weights_84,weights_85,weights_86,weights_87,weights_88,weights_89,weights_90,weights_91,weights_92,weights_93,weights_94,weights_95,weights_96,weights_97,weights_98,weights_99,weights_100,weights_101,weights_102,weights_103,weights_104,weights_105,weights_106,weights_107,weights_108,weights_109,weights_110,weights_111,weights_112,weights_113,weights_114,weights_115,weights_116,weights_117,weights_118,weights_119,weights_120,weights_121,weights_122,weights_123,weights_124,weights_125,weights_126,weights_127,weights_128,weights_129,weights_130,weights_131,weights_132,weights_133,weights_134,weights_135,weights_136,weights_137,weights_138,weights_139,weights_140,weights_141,weights_142,weights_143,weights_144,weights_145,weights_146,weights_147,weights_148,weights_149,weights_150,weights_151,weights_152,weights_153,weights_154,weights_155,weights_156,weights_157,weights_158,weights_159,weights_160,weights_161,weights_162,weights_163,weights_164,weights_165,weights_166,weights_167,weights_168,weights_169,weights_170,weights_171,weights_172,weights_173,weights_174,weights_175,weights_176,weights_177,weights_178,weights_179,weights_180,weights_181,weights_182,weights_183,weights_184,weights_185,weights_186,weights_187,weights_188,weights_189,weights_190,weights_191,weights_192,weights_193,weights_194,weights_195,weights_196,weights_197,weights_198,weights_199,weights_200,weights_201,weights_202,weights_203,weights_204,weights_205,weights_206,weights_207,weights_208,weights_209,weights_210,weights_211,weights_212,weights_213,weights_214,weights_215,weights_216,weights_217,weights_218,weights_219,weights_220,weights_221,weights_222,weights_223,weights_224,weights_225,weights_226,weights_227,welfare,fraction_above_threshold,welfare_loss_damage,welfare_loss_abatement
1.0,-0.08029182397041466,-1.0,0.6519091254559729,-1.0,0.12236595372923763,-0.6053360760294155,0.19234908026122274,0.15268754547335223,0.23356435171787007,0.4200899307987553,0.0,0.8994180327672431,0.009216274327562788,1.0,0.13033161383434766,0.2811842527097866,0.7343782455109501,0.20873846221689898,0.12599481813454702,0.0,0.0,0.32990296969925836,0.6096074161482213,1.0,0.03645800479142509,0.0,0.6268124390384971,0.0,0.7230803080974008,0.0,0.36465147563890515,0.17913974341618064,0.0,0.0,1.0,0.6776288535948058,0.2902830427724908,0.0,0.19818054980081942,0.3916581225836074,0.5418083971157865,0.0,0.0,0.0,0.5695517707430838,0.018784112608380938,0.0,1.0,0.7393025010019657,0.061174121832462056,0.0,0.0,0.8225601514724765,0.0,0.2110113769088336,0.6297858230669016,0.4407003127877169,0.0,0.09583100727278832,0.0,0.5602392939516504,0.19974302744835298,0.2266672941526129,0.6286815101956169,0.0,0.0,0.22091193992203584,0.2682617051079259,1.0,0.7106101793016949,0.8137275501269867,0.08240604103026754,0.2374249063205711,0.5927953586650642,0.4949770633175569,0.0,0.31389240210134245,0.2725006542559091,1.0,1.0,0.0196513657321646,0.6987169846901009,0.6925228166934625,0.10006019179555455,0.0,0.15098984195823598,0.6854991939603318,0.13925207852123805,0.09995888001187858,0.44657105492854,0.0,0.6897848662537336,1.0,0.0,0.0,0.0,0.47345188631691326,0.058713337863644875,0.0,0.9719534737646155,0.1391495865635313,0.7269645813525789,0.2523327844962154,0.5137373645209397,0.0,0.2888630331306833,0.2899222645552097,0.0,0.0,0.7133763943512609,0.9966274806917371,0.06132113132638183,0.08772115123388205,0.29066239205503674,0.0,1.0,0.8210920566264823,1.0,1.0,0.1596307747480917,0.0,0.6324379787179659,0.19439237720967412,0.8508778317720779,0.0,0.09565008615553129,1.0,0.0,0.3441545328034439,0.17789664349951226,0.39971596638232204,0.6061482649180626,0.0,0.7257121777338843,0.2606503263777386,0.08037943476274621,0.4697313965452472,1.0,0.9179050922686289,0.3076204136212627,0.5379841289467342,0.7373669922317502,0.5597995420173789,0.0,0.0,0.0,0.0,0.0,0.07065046991648485,0.30582165528102767,0.0,0.20306729340350835,0.0,0.0,0.0,0.02069875422270998,0.0,0.678015592515981,0.0,1.0,0.5566287214972602,0.0,0.564913688669955,0.0906629848568041,0.10057126979617331,1.0,0.0,0.0,0.0,0.11433712476547309,0.07570915208663825,0.28312720622942167,0.12934427778773397,0.5639513146927589,0.0,0.16531648200837185,0.521232452863283,0.6499231239447304,0.4190164213107931,1.0,0.3109271656140577,0.27710063308180954,0.0,0.18999616751983234,0.5935611957816133,0.26725343057137874,0.10142328645994321,0.0,0.9893406665378378,0.4393993261535524,0.6359421499021364,0.030576903752171876,0.5803579314181818,0.5913364863343378,0.0,0.0,0.5434170337671581,0.25230307305363414,0.0,0.94284292590817,1.0,0.9981245093703873,0.18707398415081422,1.0,0.5538597271427333,0.2997071851221945,0.4929492642391387,0.15247177425526656,1.0,0.0331634815606695,0.6604999620883988,0.0,0.2259042778382588,0.21475444373072952,0.0,0.06348546482101408,0.21951962704247902,0.7738570274299092,0.41775115159220305,0.8883513781553674,0.0,0.6627846971004211,1.0,0.0,1.0,0.8500764592679532,1.0,0.0,0.29329104662317573,0.655382831985349,0.3906623154402822,0.0,0.8552970504394458,0.0,0.0,0.9153267895289943,0.5054763091952323,0.0,0.0,0.43631059338367495,0.6995056847389454,0.12814260066796473,0.7451768867129056,103.57145070162733,1.0,3620.2779793750274,26006.789542723036
1.0,0.7712929165018547,1.0,1.0,1.0,0.9786006420936598,-0.7669873487332562,1.0,0.0,0.30109891281301543,0.0,1.0,0.0,0.9715629076269409,0.8795957630986481,0.08829218063470601,0.5859908469534958,0.0,1.0,1.0,0.07530505552076644,0.41066889965605835,0.7569345188803787,1.0,0.8180159736181992,0.7668145757487245,0.0579372189680364,0.6942946123521428,0.9642164806197214,0.4220519492957612,0.6976053041435968,0.3412078049728392,1.0,0.7014118101645934,1.0,0.7239221864749243,1.0,0.23477004157374473,1.0,0.9194301794146275,1.0,1.0,0.5839173924746257,0.7056866646383335,0.6126514234211824,0.5319064227043973,0.6663127422709972,0.0,1.0,1.0,0.5583575389240953,0.0,1.0,0.8024998055081682,0.22737368947666978,0.4348302178604239,1.0,0.23890836815303929,1.0,0.7480671815866848,0.4241694343379094,0.2798114265881897,1.0,1.0,1.0,1.0,0.3592551717543437,0.3356594262887793,0.5002780829091895,0.8424425407752595,0.8268821871842582,1.0,0.8721607578864724,1.0,0.3337673120363484,0.3180607959436165,0.21672704070310764,1.0,0.6483989853018316,0.6074719590494013,0.2919421807649842,0.0,0.29718489090200695,0.26806288460910765,0.43781570435764006,1.0,0.388639299431099,1.0,0.4744300165145762,1.0,0.785131110212056,0.21854403221734373,1.0,0.0,1.0,0.0,1.0,0.8725584872126446,0.0,0.0,1.0,0.14484391550592826,0.06140007862556667,0.4689150211155021,0.0,0.17428080076743732,0.2902685210172908,1.0,1.0,0.2707556257299751,1.0,1.0,1.0,0.7430533070922312,0.25738966158506665,0.5642023456887783,0.2680636862913776,0.90943699340488,1.0,0.0,0.3224015746569252,1.0,0.3892863225464561,0.7553205509569507,0.0,1.0,0.20690418039020406,1.0,0.0,0.2246091327500461,0.46282632770273174,0.5947063691040012,0.9857051653069903,0.5788400307399709,1.0,0.5023927396696233,0.02330224151386092,1.0,0.949019581437884,1.0,0.5283984555925745,1.0,0.803470092710162,0.47040671755983543,0.1992613431075082,0.0,0.6690111487167641,1.0,0.0,0.0,1.0,0.0,0.9065819198582552,1.0,0.0,0.38136120508657995,1.0,0.8974394399714011,1.0,0.0,1.0,0.35423744794270556,1.0,1.0,0.07230816004308874,0.3169224362638027,0.3110491591863197,0.3742923327718229,0.8074326468168369,0.6824063616512901,0.7458354001146924,0.0,1.0,1.0,1.0,0.0,0.26886396804805723,0.648052110011274,0.0,1.0,0.9540503640609187,0.2917833872160428,0.9464900966653972,1.0,1.0,0.0,0.03238027006047256,1.0,0.0,1.0,0.32833328620141106,1.0,1.0,1.0,1.0,0.0,0.0,0.6796958739805602,1.0,1.0,0.3686555661881444,1.0,1.0,0.0,1.0,0.26064196670630807,0.0,0.0,0.24775017052127402,0.4992616245627318,0.2616620089882965,0.3997279778712944,0.0,1.0,0.900777146788578,0.2672660076732904,0.9746489222523959,0.4056867584777084,1.0,0.4930758178274363,1.0,0.0,0.6718774215360326,1.0,0.8040719251132924,0.8119702752064503,0.24739325708984064,0.0,0.17712307064384206,0.0,1.0,0.4869193462132994,0.10572015152854994,1.0,1.0,0.10434434769003027,0.6974701885076993,0.0,0.0,0.0,0.6204751777013172,1.0,0.8214095087078253,1.0,103.46842378257878,1.0,3630.2968506038005,11171.548769986324
0.12018625995132201,0.8681014777976108,0.03910851042547458,0.4186184010096348,0.35332729526641043,0.9647134284997626,-0.038080495934478154,0.9347594739434242,0.21057484630806422,0.5748597973130978,0.19908446900345775,1.0,0.13396896612983344,1.0,0.11576304707161864,1.0,0.036834140213463706,0.6768213984440685,0.9977908771696372,0.7156098932229582,0.2670239070867057,0.7236402573479281,0.16666238513168027,0.3612037812060074,0.2572283808995044,1.0,0.4100554220214194,0.7081670661745244,1.0,0.6832805776964804,0.5444733205374375,0.2318874218126362,1.0,0.6071994948977132,0.7290721372235612,0.0,0.39068811691110567,0.842667127565533,0.04032115418091561,0.0963235356967605,1.0,0.9195756365050122,0.129328349072932,0.9925541679225366,0.6082902421349866,0.8232129799479241,0.084824007495809,0.6171256689664826,0.01389745780779286,0.21330909361766642,0.6299635318735973,0.10482314142494088,0.5592646281654863,0.7314865965083815,0.7289630165612858,0.16088337166312414,0.7452055255345867,1.0,0.7463521548192721,0.03961312489855407,0.6872456164259779,0.945063401036952,0.9292845236705524,0.49983558080927193,0.9642256707656589,0.06359894488645916,0.2897784647995178,0.9962584569083668,0.22959055401324058,0.6327127218214772,1.0,0.2982775229727213,1.0,0.3284880361178166,1.0,0.4224209036376977,0.4952834250040133,1.0,0.3879312796882161,0.21559000816459833,0.0,0.6489990203647511,0.0,0.608483699463105,0.13209836181183165,1.0,0.28411629441307473,0.0,0.40435802768679274,1.0,1.0,0.5714570066249304,0.549103707567921,0.5646943910215094,0.3190947343810198,0.4711145584633099,0.1282558265047411,0.7987165731793794,0.07536205766355591,0.8556184245906457,0.8305939616296674,0.7981131042630072,0.23955327826938816,0.42577504617886225,0.26195276677659657,1.0,0.8676988856654801,0.1287059360516835,0.9591242255684855,0.01575228081050102,0.49695488524830567,0.2330154660536943,0.47654064952958,0.600286862124402,0.0022128019768139773,0.7877533886482725,0.30632805022787785,0.481215021208208,0.9368734900176163,0.7870163613210631,0.14411150967549485,0.4023118701722017,0.26456679988178716,0.0,0.22822413567194125,0.5269390712808181,0.0,0.5244141464702975,0.48510065959814763,0.8146789094186656,0.4991168619028085,0.33264328743930316,0.84244099628395,0.20977911982426622,0.5829859366073498,0.6332409402720943,0.6594174204155276,0.9615772868306769,0.08274012788622667,0.6446590487789349,0.37318185375130575,1.0,0.2892238856848795,0.5000165265959476,0.6312734764248855,0.6630582374294448,0.4898648798076932,0.3184465605022826,0.47025795056210723,0.015140933775023312,0.9306553472109219,0.22557433417951234,0.03505666602988204,1.0,0.532973798991364,0.6986798615613831,0.7915891251887563,0.7219145522937027,0.74923885151631,0.40246722514751126,0.77058425281201,0.8008600840234865,0.6826593677007478,0.5009983508468784,0.3137767895932394,0.8532882379795251,0.0,0.8938403861810591,0.8518185928732631,0.9239336125421126,0.46661924868690546,0.9519054384378691,0.5709013036200866,0.5122270089716365,0.5323895004772672,0.28562232274076327,0.07396195788807439,0.9145255533766211,0.0,0.9668992537966352,0.7443665005295687,0.050137278163480306,0.7765035552105546,1.0,1.0,0.07550294460407547,0.481098796203809,0.26038850077612724,0.04607613197537668,1.0,0.4060791099995755,0.121204753022147,0.07814942998140219,0.8158778963796596,1.0,0.5822968576110295,0.787608828363789,0.0,0.36433097829696376,0.2790674694419692,0.901124007360368,0.605129988340659,0.5973734082334655,0.44239839531323755,0.04856950664919179,0.5756044344879135,0.7855254973230337,0.022166733218659338,0.15695787792864282,0.06398089520363119,0.41782888116781475,0.02128732049437426,0.5942927926488233,0.6803246970430136,0.6350708064079891,0.5330402856754978,0.9581930803607787,0.3156624951352315,0.34730364195250163,0.34021341197678234,1.0,0.2984998684934857,0.961562097238732,0.0,0.5874753289982473,0.15129004623256462,0.42956314516062655,0.0,0.00834137303207063,0.20039741653456916,0.7785657437109994,0.2091184575256237,0.02664810600920415,0.6337398922610535,0.0,0.0,0.6287448471049737,0.060665401047006656,0.4982254767072273,0.7184322868204741,0.7956662925388631,0.8704292250148852,0.40542515539307167,0.8977118172019322,103.73303908633416,0.2,3653.239087355765,10811.012223918231
0.6446676448279566,0.8815352032718543,-0.00250310285092694,0.5295380522309098,0.04670204477166506,0.701915455363169,0.4505570971351186,0.9924917058089677,0.16393834474352015,0.5285401527880682,0.2506836697416399,0.7893532905315596,0.22762865855621883,0.8012384009311849,0.3786855592497844,0.6662436339705012,0.01276615393120972,0.8703064348572881,0.8680588913892764,0.6742393881296698,0.312421920438067,0.9576228042991624,0.10073215682258771,0.031099466416169584,0.3234496853419191,0.9935371228872345,0.24984221648154278,0.7429063161146862,0.9991441030098992,0.11621946367361419,0.5822749693831022,0.13906152335218894,0.6020916844703158,0.6254295024426201,0.7011113377091961,0.5370284862176349,0.46511555087351536,0.9795506117124321,0.17181520582704152,0.17777719615392615,0.7102251017375073,0.9895069147620499,0.16625541752464862,0.745001807276371,0.7732509851110876,0.6865279078838634,0.09474403160245709,0.8822239679425236,0.9059629293737613,0.3400221212297068,0.8847189686508611,0.13878128217686814,0.5829816041403958,0.5317986784173925,0.9355773698906809,0.5677645349059494,0.6811775674077885,0.9689453387643701,0.886440606720803,0.3938136511461252,0.9209249772246917,0.886181567996678,0.7667059363278371,0.9466672283651977,0.8874243948097298,0.11439678219350245,0.0,0.9587009035308511,0.3506717843891338,0.6756289287631498,0.991047480166609,0.6184114644924954,0.6149272683349889,0.40164795346105575,0.8974907783742946,0.1846348493015178,0.5870717584237146,1.0,0.3280951520010128,0.5858237230389762,0.08637253108514675,0.6018736062683036,0.370474998721919,0.804734306405614,0.4356699655853141,0.9842908152452388,0.3019964397984034,0.8459665477626491,0.3347473627424368,0.7743356066160886,0.99635841105074,0.7671154284574776,0.3349611884332663,0.5032689824314931,0.29001309342598214,0.9987667509740288,0.11052890011819996,0.9892419681431723,0.5532369370434944,0.9495122360317708,0.7189515579569824,1.0,0.31413506025482696,0.4196723463925997,0.43740409051148943,0.5818569792826759,0.6117104371612971,0.11068533143279406,0.8248032235963663,0.12355133116351877,0.934334350899552,0.49884468630612566,0.7390425887746918,0.2471016584740067,0.43571081633502123,0.9768423803272266,0.6982814625803656,0.7499878653363397,0.7745272978980406,0.6256080816166086,0.1668984959064993,0.5686015923546885,0.33758284120196574,0.3337872815137406,0.4137865148771673,0.8774878013576538,0.3265810335549707,0.4949332935241684,0.6070569582462191,0.7616549102036299,0.7132196307433682,0.5007055324324697,0.7443751949915007,0.6554524380290618,0.4586110517153582,0.839129698459449,0.9905446282894056,0.7538577051744192,0.9508838829025902,0.7023714472381488,0.46547534826414505,0.9971424372686479,0.6413211008044168,0.4531117270692966,0.9382950190422825,0.6394979231493114,0.3451161830334091,0.35814122026545664,0.5381612959472402,0.11295800981682072,0.9851537172534786,0.47870276099412423,0.0,0.9420077945695168,0.7051581661283548,0.5586565464700857,0.9216915229872523,0.1518519348483543,0.7318561952658778,0.8795005287480965,0.535309606257431,0.9966563593707493,0.9359880484664316,0.6384582804514053,0.41514517103137877,0.06274312494283507,1.0,0.6628928217737027,0.9423391105246263,0.9534954515579241,0.6405692025095617,0.5780206086806818,0.15231415476955956,0.5854602746405603,0.6050281110477072,0.6693434130675182,0.5309497261065665,0.6287612580575611,0.0035755332581204596,0.5634996359460702,0.699370440747823,0.272770482422111,0.7087019824114666,0.9976766566233252,0.9291512044994853,0.7595372490807132,0.36792058930035904,0.49245705168734677,0.08589513176498537,0.9967472155832853,0.5542173944927384,0.3613911780316038,0.0026679242050165124,0.9755267339112436,0.8514231535583325,0.5868589038915252,0.8591703827800659,0.6076140067485205,0.2898068619228579,0.15411447255449615,0.880991539557695,0.7959301236129998,0.2803684889836848,0.44855037224723404,0.512011894749127,0.6503447524783956,0.17005752123559642,0.4211573260271945,0.2502918859750039,0.9985535438448221,0.420050264953482,0.3504539506976333,0.6814050096757982,0.8133699534212036,0.5438147218200643,0.4119764749163692,0.9957865135888977,0.30405023555279986,0.38203238404877843,0.3719479103640571,0.9613659682861205,0.4074313822874861,0.9085390551763732,0.09202286720909467,0.45737367590956735,0.31963023253830414,0.5660971634904998,0.8501706693975509,0.2067758938297579,0.35870788860208996,0.8905489397576696,0.4287100844656277,0.6107408187733074,0.9131095737186938,0.2634513017954606,0.4144855461226877,1.0,0.056565910882156185,0.7851677908048595,0.7707651026464218,0.8051534376320868,0.9922980342232262,0.6151297732518084,1.0,103.56813722039799,0.4,3645.339323284493,10857.687318043865
0.14614428655829562,1.0,-0.08856565751799157,0.9112685733637895,0.3061934734513585,0.69596674919151,-0.2515893129139226,1.0,0.0,0.3757899162080053,0.0,1.0,0.12480081049248325,0.6841575005683784,0.2421771633833805,0.7502700642807646,0.1355379866237453,0.7110394192580103,0.9261025712022365,0.30332651258496574,0.3260094815132756,0.4893536165584467,0.3145561500327732,0.6314240550542272,0.09354601335489758,0.4801450391818025,0.05480942180564835,0.9627832542830737,0.5427378905450206,0.5314705168020922,0.45519356910520886,0.0862260859676488,0.7974847706644078,0.12330267158306682,0.4849219304834634,0.38490768575573664,0.4443206600734149,0.911610558118397,0.32944785459744025,0.0557490933604363,0.6519532962744622,0.7466956655948687,0.1909691946242552,0.5925539426261716,0.6877079323021579,1.0,0.17018936101057022,0.6476292392933796,1.0,0.4941270896999086,0.6010818310304494,0.03718961830850042,0.5052930109175817,0.13336884188542328,0.44226274200079746,0.023932962246502668,1.0,0.9733150492163649,0.5784043060811317,0.24392314913357124,0.6178065274047521,1.0,0.4022216134409655,0.40583888472779667,1.0,0.22486079466183947,0.16844619706097044,0.6882224757543294,0.0,0.6044369528607627,1.0,0.21269161046969123,0.8817295799437707,0.2233731990177147,0.5482489942384116,0.5180796346995642,0.40630225496022593,0.9218705960030766,0.44728435703539554,0.6543784668036813,0.17333681394626216,0.34796533251450845,0.6836111318551568,0.5411732950396977,0.5100233249112424,1.0,0.44197292056964543,0.6615323376661539,0.6010620594636628,0.7164012614159659,0.8372919947428021,0.5975532706782857,0.7388152702007372,0.7189720570245094,0.33552553118481215,0.2657659554215793,0.28179390341561017,0.8309989174916328,0.315758995843948,0.9188975751223681,0.0,1.0,0.2020151052504177,0.39434288591382993,0.3791261077562535,0.591656144173022,1.0,0.0052929618004263915,0.2791187714028779,0.0,0.7073736500092835,0.8021207764343177,0.4222165025926541,0.33169782480778875,0.6173620338906683,0.46140592728561997,0.7725097771763144,0.8008865999536279,1.0,0.3307545317646671,0.1531061068513367,0.6147959267576315,0.3116201625436219,0.0338371772395756,0.0,0.6814503790748441,0.49488329701644923,0.6269616969708516,0.15318750272182863,0.9135905766777449,0.04402159851221451,0.5189034895987316,0.7432290989133267,0.14189118212012602,0.6509797285221224,0.770349137873416,0.5586341496653751,1.0,1.0,0.6286709995335291,0.3017663823309673,0.6182217561246162,0.7952496477694159,0.9301268860530756,0.514117979726835,0.8955128649316313,0.36682617836308296,0.606431158484257,0.2165312763554799,0.05937904845104271,0.6898907133845931,0.47527839419784484,0.4854458043513137,0.8505484106565319,0.3880016325915683,0.43456764343523907,0.9476915668853031,0.8408858930750237,0.8550985508738889,0.8011045640155151,0.9977511166956599,0.8840742665809053,0.6846864668108169,0.7877884531404921,0.6116359289371378,0.9024643768152107,0.0,0.4811049052117183,0.7450899495273234,0.6700499761394548,0.48644022926848773,1.0,0.11342459997513328,0.907463838305422,0.6972970213266728,0.7208728744822874,0.39751242144163335,1.0,0.7310698263331142,0.9828311551601854,0.3252297860611925,0.1551055315175534,0.7691568546020883,0.42071060848075714,0.8918912459085561,0.0,0.3001639288562109,0.11301381096605949,0.12458994960323218,0.9042837461453099,0.19451849564945037,0.6523285972695999,0.26386500588461276,0.7601874888088905,0.9197481750930999,0.548900934539256,0.669252158425044,0.6626467744262378,0.7080969073440915,0.3667761772383738,0.9609995995333452,0.8213356053455628,0.6139395988932502,0.6124368093508584,0.3290754165355144,0.1657455931737405,0.5631335591729698,0.2573741718024545,0.8583760942287504,0.3170231958561469,0.6312307680344412,0.14687908052317095,0.5012278385230671,0.7841347248207233,0.37811210139005624,0.5935511704614865,1.0,0.43482053994066405,0.12951203815023915,0.38697460988164933,1.0,0.02874909054792083,0.14032145510226823,0.6289843714159069,0.565232060398756,0.372289298555657,0.8663228216329456,1.0,0.0,0.5398117118279222,1.0,0.6823040924813657,0.5625647879274733,1.0,0.00173743867647165,0.14188427055104008,0.8011013235962049,0.0,0.5626564525496375,0.48926061487423367,0.9377703943721206,0.6227938516266869,0.4020706105618062,0.7985975838805226,103.66739537887167,0.3,3650.0265952680174,10832.309021443087
0.6177298719128981,0.747461431899781,-0.508107996417611,-0.9862489266896094,-0.23819278063184204,0.5068003050065549,0.4805318237653903,0.9214526302681255,0.2390667955472138,0.34197091775368893,0.20820555004805777,0.8981932949771145,0.16631707850057667,0.6316677646561428,0.10439888225777577,0.2501894193349015,0.0,0.24056146138839352,0.8420044369684465,0.6659136350676741,0.14201250876525237,0.7463682830657102,0.09286004843052294,0.5433379646375727,0.3687416289771882,0.41828685212154865,0.0,0.4488705787314691,0.5398394427346105,1.0,0.3233547079700639,0.01050567662751345,0.8147250061769898,1.0,0.8264519174956816,0.24587768186548828,0.0,0.06969150134164472,0.23932172395166237,0.27195509799766704,0.7432596922904549,0.8156378822633189,0.15631132178448964,0.5977287697010393,0.8463655528631383,1.0,0.08693351628553214,0.6343414119088556,0.8592476348721289,0.3647895135176026,0.9966253689890353,0.13205249554464588,1.0,0.15270309914060462,0.2558501867223547,0.5132994110106515,0.4149106229588194,1.0,0.6773577208792535,0.401731123842364,0.5297688062868052,0.5274622487320703,0.4746169464153391,0.4353778334860261,0.9364878564699353,0.013672416640789595,0.4003615314535244,0.12501351030089433,0.0,0.3596628059563444,0.7904143366575958,0.3257500636639384,0.0,0.0,1.0,0.5486784491758184,0.29093849529663307,0.8490474752275968,0.6241411733323189,0.26061057362645434,0.03871414248439437,0.5132523570031158,0.5350095019031995,0.6845544782841038,0.28531922441831115,0.4360815776285376,0.0,0.0,0.3985495458072721,0.8942276037058854,0.7305476173811913,0.634261455730537,0.5139612905823026,1.0,0.4453431062321404,0.0,0.7673765178815366,0.8721763930263791,0.8795405760804313,0.33083650170265383,0.7693479620564684,0.919826690341395,0.13797956524295016,0.8165889348030257,1.0,1.0,0.7033801143208855,0.42278788969285613,0.8428718350056742,0.0,0.6458250615033011,0.9375683838703676,0.326190540405632,0.13338514865173348,0.530260009036639,0.6649396278861323,1.0,0.9535608233272111,0.952478191492331,0.4771591461147018,0.10256434594471378,0.5593884602728538,0.6400356844951953,0.0,0.9583220649120121,0.7106522968372256,0.47042525332879304,0.6235294482935559,0.0,0.7083684878458192,0.0,0.1386538037586555,1.0,0.0696084513255678,0.5728942133927662,1.0,0.31552360369853405,0.5663438571934327,0.9677494904668339,1.0,0.2641123336300136,1.0,0.2244510467823383,0.9853806133320483,0.0,0.3793230086629839,0.4410310385090403,0.17002402556294738,0.2984724457945667,0.016276039586704785,0.46299968099237426,0.42702505894346904,0.6250283711908913,0.7666623487170798,0.6749902382007248,1.0,0.2066058668951138,0.5107440170930616,0.5659776151444456,1.0,1.0,1.0,0.30849356806356276,0.3191602664184759,0.4732647472674307,0.0,0.9940421693762825,0.34825856901850993,1.0,1.0,1.0,0.6054684147562962,0.40414746623750725,0.7455700866220342,0.8051885477190882,0.739262919584941,0.48178884430838015,0.6369577550922814,1.0,0.8395425239770705,0.6533993480751016,0.4734443894521397,0.922482142560945,0.9740146404149971,0.3172737143089486,0.11384751914980676,0.7939431177080952,0.05468884975042926,0.0,0.7941246520697204,0.7990938508138301,1.0,0.1765945443040552,0.8273637302713224,1.0,0.13027120320244542,0.45389096123558104,0.18392329360885853,0.6652423039336393,0.6314936570456484,0.6592820405175194,1.0,1.0,0.46428713666183485,0.8394223837468421,0.7820682488392491,0.40258009911885967,0.7792762382185603,0.48141766245820244,0.2321387729553452,0.44307594620313245,0.2361816605884121,1.0,0.0,0.47632897621785525,0.6410552721585174,1.0,0.3305488445963903,0.10224000620088138,0.054430236651279065,0.4147159376630635,0.24428625786869562,1.0,0.6415666721642697,0.3605644779239984,0.0,0.0,0.5665720040574995,0.0958067608060337,0.6064071526467137,0.7227371792117108,0.46508074193507226,0.17132965728515412,1.0,0.034502157322897534,0.3373371515115201,0.1345614709993589,0.06467599153446599,0.8359304161062056,0.6414750473109172,0.962472367626569,0.7567947490761412,0.0,0.7915411547304958,103.48495194090899,0.6,3640.2178474606058,10910.246810237157
0.09262118337308112,0.7349262102674127,-0.7814451943800755,0.24594506346931558,-0.7335218837983832,0.6529330468105049,0.09968678672365874,0.6038164263609337,0.01972713268754573,0.39899155213768056,0.0,0.7963732011631177,0.0939200061083802,0.00649302633382826,0.0,0.503954567361255,0.20807687297520497,0.18586662313329674,0.0,0.2046569420418666,0.0,0.6615661378052466,0.2954476485089361,0.36499955526080186,0.0,0.19240557948104373,0.024548139980230223,0.4129458690376072,0.6680558966520668,0.2689102531830205,0.6956862299439386,0.028354050913620255,0.38576895648627746,0.09542676236918853,0.18644397115580444,0.35422667767613597,0.0405667806127606,0.4892215028710194,0.03124034907731526,0.0,0.5821437762014312,1.0,0.16011558481739213,0.10620900201795466,0.27335852453698317,0.7586602826072607,0.09638385745320555,0.1141878324475662,0.0,0.010626477000520563,0.6071920743975783,0.06952181394854928,0.44316640994358847,0.0,0.6693673708803256,0.0,0.6086329508709789,0.4814877194319674,0.6366293080670835,0.34404338859421213,0.42697181790438965,0.14716344738954165,1.0,0.19719807983585605,0.3676178070198073,0.0664891662476434,0.47774816140423815,0.4200652794974018,0.06345650241656893,0.5972575932706798,0.267717911497917,0.11750520001384042,0.0,0.03332556487005017,0.5536495289227819,0.39671925224672044,0.22414823181348267,0.7599793268909968,0.050698093189129885,0.8395880363925038,0.22345902982554813,0.16067504851040995,0.0,0.6770387971401995,0.15602043217161596,0.9548055397214916,0.22561745872359956,0.0,0.15487372512978195,0.25793370836682666,1.0,0.5206423725381534,0.5107341812531865,0.38293590193466515,0.0853764930989332,0.3634206532869303,0.2212782828995772,0.9750477659056406,0.18050368263580988,0.6306652557781866,0.5619341378353577,0.9282880029708839,0.0,0.40522940233387655,0.0,1.0,0.6893780890539632,0.03922671595943422,0.39741119843644157,0.03514681695040086,0.2481462647704291,0.630858057834718,0.43737179821477407,0.24641476602309198,0.37511941858805337,0.0,0.802406997583264,0.6692704052609736,1.0,1.0,0.020994092097507844,0.2100613577384529,0.5147732535819382,0.0,0.07004883814095243,0.08345881010564385,0.21045807432298877,0.6150386192509321,0.0,0.4411357981327153,0.049151823017878765,0.3948662282506063,0.11344507999190581,0.0,0.13604565885365286,0.614855954210634,0.19545766868396733,0.690187115916195,0.14284361587824743,0.49975626836318593,0.0,0.04574242732568102,0.06455656725730168,0.440765524228292,0.38831402863780473,0.3494822955529815,0.3356376849598058,0.2963538960819115,0.0,0.0,0.9028506078908232,0.20829386661133484,0.49251801967382997,0.21065102543914627,0.5973478820216586,0.0,0.82487953518873,0.8246307359122887,0.6159959399028042,0.22713622364648445,0.557422057476444,0.7653252067808844,0.8436275491998297,0.06871963431142085,0.13217932275314498,0.3036968634388689,0.20591706259031128,0.021142259676903488,0.8145695561208629,0.5037952295580443,0.0,0.6438603192232081,1.0,0.9230638955968475,0.03162486482778129,0.41392730202716627,0.0,0.22004875821208264,0.8017331059200408,0.2647920716379094,0.0874627336149228,0.2501183984850572,0.6920813847966616,0.1871601648909451,0.4559102941752127,0.0,0.04062656845156086,0.10295066153461686,0.3447748861507542,0.47754328742182495,0.0,0.10975022449206813,0.14610607571951706,0.8903236031185724,0.9375718218879056,0.19501246424468335,0.5562623807570135,0.0894338852676541,0.15916008960349562,0.05112322750265429,0.7216158986038562,0.5054383331538631,0.18684067265634527,0.0,0.09436819835374435,0.4832739741357658,0.4533643435368643,0.14511284681191244,0.13210846925443326,0.1632972735903509,0.6021654225195823,0.8612700020552648,0.4651278826973012,0.1352646900494279,0.4475762520894829,0.36373049494648624,0.8151584057176258,0.25476026461883194,0.0,0.17452386074319348,0.0,0.050916695811845464,0.15209408709636682,0.0,0.5855397190182703,0.3308583951654051,0.0,0.730667268331045,0.10456776600453246,0.0,0.11426181426584499,0.45106429342016463,0.0,1.0,0.059127866097649744,0.0,0.21975412796985602,0.1811050673475116,0.25716138826545504,0.09199719358817911,0.7615235767828166,0.821982777466329,0.27108347544755534,0.674008451017017,103.46462564603284,0.7,3633.8311656442866,11000.227522591056
0.031945385919929396,-0.25696845919169414,0.363291993100154,-0.4161728117662611,0.1888436608256977,-0.3519241358888767,0.3731868272434691,0.2942759591904388,0.7348735840442249,0.5622179689846452,0.6882038742037611,0.14656847225029485,0.54424771121546,0.5408858279100793,0.6910720732971489,0.8329878445282993,0.9785459178482953,0.9362763137251199,0.3833910932882055,0.8248324352078913,0.6950534728624301,0.7196838376292827,0.28289936729858056,0.5953584745280935,0.26087780006930145,0.50680717448275,0.5886812026063593,0.048698059619337784,0.541765882727725,0.5500330829478199,0.7988808493262459,0.629027305260919,0.6375027346513411,0.6079718655936085,0.23291612226385905,0.2346158579701338,0.4330552564200428,0.7003028051158091,0.6752857031683019,0.6516767418543722,0.14431646507765314,0.4012896642078976,0.2979017183253542,0.9911564217607454,0.5632876936641458,0.7103321685912704,0.16442309693879598,0.4818446333953328,0.44236998727245647,0.49035999015997034,0.9021090474923716,0.9888424773304616,0.04216503966284637,0.4613319723357458,0.9892307401253508,0.7447486824251691,0.5394460509536952,0.34039425550480407,0.6018693678645213,0.17345961203730687,0.858484636090037,0.8335253165356667,0.9573985642645919,0.9612775669065554,0.9762922007942406,0.11555050837619588,0.851276007701591,0.795310012824644,0.7843623713055714,0.7070652941779142,0.6255099898239541,0.713373406075238,0.9947898787922507,0.8939074013168391,0.24114956367925808,0.023405276405597808,1.0,0.34507694195639116,0.9734170383472422,0.37429373780754865,0.3078992153539813,0.8841860380796202,0.5366623947399224,0.7676189891784668,0.5880723554199777,0.6201731941636612,0.18238840429734685,0.2807159861518775,0.5561357948198781,0.29267596162047127,0.5844001612679727,0.33070213370950957,0.3266226315147683,0.2689776534639291,0.9279516627944161,0.25285681116566383,0.2371605687151108,0.629041586885679,0.4433481430660074,0.7278874814437892,0.9688926164958789,0.7001632764524697,0.04078708723099486,0.2821946836208848,0.8488555088006035,1.0,0.6880705320952659,0.8840621420585495,0.9001101390750078,0.11307811320463848,0.5899104921250806,0.053311602790626286,0.40253863659011035,1.0,0.47933469529688455,0.7345574647107416,0.8565575366206822,0.385594348400554,0.28531469508952706,0.8876250762548644,0.1547429261533453,0.4789223006572593,0.6067477504229396,0.5098350215431975,0.3218170801169689,0.23847145947311238,0.22273146039751812,0.01714630718839069,0.3747228017239473,0.5032905335999467,0.5043527573814687,0.5394694905678417,0.26948205938303516,0.1533757688359507,0.0,0.9751912426479573,0.8456854227464752,0.541537164417588,0.2238973410319069,0.2479504307883868,0.510029650338603,0.7743614216129163,0.2971200882132087,0.6404290664623785,0.59387061804689,0.4427610164589405,0.8433937400057493,0.3671513603787212,0.8943097579577544,0.6273162921453408,0.5560950342660392,0.41510165540930877,0.3623269671990601,0.9916691178279358,0.6402485596532083,0.7337281446675805,0.722568181394329,0.4575509219247885,0.39460675814591784,0.7268835694509905,0.6235404743162563,0.26416071664844615,0.4077678709207205,0.3780161679381184,0.8511384767824905,0.8356919010648439,0.8017135049164209,0.9072564462780578,0.7330678435973144,0.9720371192337592,0.4417645602531176,0.9313595492708234,0.5579318681957549,0.2246717830361521,0.47530366740595514,0.4990382548944468,0.21276214938809745,0.3084098055868953,0.4905224675638657,0.5379363137196724,0.42221375381115156,0.8430220844332593,0.5261515278360785,0.23426317541437314,0.429769254890748,0.5725877173077509,0.5890254437719817,0.024373472453751675,0.6167416893456275,0.36908216066437655,0.3643858492821719,0.8533826302684636,0.29522577051732163,0.5754987080599737,0.3383782627813969,0.4044530821771464,0.5228313647576918,0.291527675582611,0.7938742220510244,0.3707579639277631,0.9696021894300615,0.31593055312009305,0.38492191008047133,0.30258471032641404,0.0,0.8871780782039034,0.840735969702742,0.026381594491899616,0.23009812250567113,0.6819664363270329,0.4265352026062367,0.850241548415841,0.08743171050660553,0.8700376388755655,0.7033511534957895,0.5522116536819262,0.8353250661637994,0.5813036613743524,0.6453600621203398,0.2906901678945856,0.3170712134160113,0.5334518296859045,0.4940207379239833,0.9874305280292792,0.022937624469039658,0.23774011148707613,0.4337648368676135,0.26433481882799414,0.6390575316497197,0.31706336105148303,0.8799564699587972,0.7328114789216923,0.4364771822383296,0.33670630385140604,0.4755799399913885,0.16458342804047282,0.7008179816957818,0.47088214611947626,0.6175248707366966,0.8040627642497415,0.2356992389311876,0.4972804951248058,0.7191195252533553,0.856598661495775,103.45902004988994,0.9,3630.1213366364564,11130.509929635993
0.14607751036706085,0.9940700482845867,0.10818641095928935,0.42982268809108676,0.15081449887700477,0.1337888239479385,0.10047770416308482,1.0,0.1465075627847851,0.08403524241675675,0.10851981126748111,0.9958757232479234,0.0739376115784327,0.9972499816800416,0.15048301480322893,0.9168788061135139,0.21076086435149002,0.6206435812127974,0.8927609683980143,0.5941636537057603,0.2447664360942914,0.6152863939377151,0.14993164436733053,0.30759794534327783,0.6003420013407252,0.0809070472576694,0.8535976813434087,0.6771731297079544,0.9937408548696431,0.40249294264343577,0.11678358093320834,0.17434041418285087,0.8551078945129443,0.6358229514308249,0.6044434244337218,0.0159624802423067,0.4480683572112164,0.21286750843476587,0.38297940148313736,0.0,0.285270848501122,0.9925069252765961,0.24725776177681924,0.037335789900939054,0.5804945518531237,0.8427532752618226,0.042685968614846526,0.651445792366858,0.458910520626437,0.26700797424727307,0.5731330109219829,0.24463572215028695,0.009624855486018824,0.694555490555151,0.9931320987810404,0.4422234337785593,0.7288905748596288,1.0,0.659923987415051,0.5871406825861788,0.7326465225779819,1.0,0.45599328029108405,0.3024492489870388,1.0,0.13398665274367777,0.2045195847326342,0.12862028697578515,0.2358370765740431,0.6799841329933389,1.0,0.2287618166297562,0.7022057686971739,0.18832060626747074,0.9942187091485339,0.43098849353274354,0.5222044396852955,0.4208013678013925,0.3331184829317872,0.3403734097737787,0.09026016629574707,0.5939667223038991,0.7406686456227526,0.5661882013094752,0.30840758870843715,0.9903843550451389,0.3728546726753851,0.45091214142443303,0.43610554381643624,0.996343236327843,1.0,0.0098245594296818,0.5017710539427924,0.6078407086515066,0.2716393904383665,0.3673482687183468,0.44109617442985655,0.8778454701265596,0.4794948199844319,0.8721487098749229,0.4082694554497408,0.822870653732337,0.004451708545232191,0.3660184565818635,0.594120958453132,1.0,0.9623264007874801,0.15032673744923408,0.0008742569663757194,0.0005775858915999634,0.39260376100352323,0.6832618558944786,0.03683230456305989,0.000145677277604353,0.367494046176066,0.8206517284668395,0.8757402946267581,0.798849929546845,0.9926219183671497,0.6800188614157642,0.11187608776835622,0.2755184158319482,0.5024514263192675,0.009364572707246811,0.36146921349790345,0.007753162865090743,0.006623476030447939,0.5115051457888493,0.5955329133053677,0.8510414178387078,0.37942877376301376,0.3405645402890368,0.626247636958381,0.10792453360935586,0.6990434250042794,0.6097839979894766,0.6714646054945039,0.3781877060777847,0.9944797368927774,0.6986304220771372,0.35995457896162214,0.994581924628128,0.6778215828578812,0.661697770587924,0.0017647966045838959,0.6659458722675442,0.13908189646591537,0.3470103465397447,0.32410222346170126,0.10200862409518252,0.8854152946818652,0.21309402457651141,0.1191387583583067,0.9752385765891932,0.5490015727716234,0.6588775881944834,0.4247999809799152,0.6205818688364365,0.7616355507226668,0.34968010875975597,0.9908260118382022,0.9186594725765705,0.6509653163033117,0.48432183604896295,0.08420142967601953,0.9558152667360025,0.00822213352266591,0.8765519901843454,0.7891434811957206,0.8183915365652288,0.5551428081170429,0.9599672046530534,0.058909687933020496,0.4524095003457598,0.5260727252340139,0.6338251624106997,0.9490971808330102,0.989832382788712,0.6808145532303623,1.0,0.3889964716625703,0.0486015191705694,0.8196456296172256,0.9936767144553948,0.03257672694220315,0.11805397492402306,0.45918658949058877,0.09895077530045071,0.0,0.45432541759895384,0.060431742120757526,0.17178237568548302,0.25800028808979436,0.8412867439931728,0.9991727542679478,0.6101212016265509,0.8503030883881848,0.023031208960921895,0.31465785295118653,0.0013841766798335653,0.983769914972311,0.6054905981382619,0.641373388433765,0.4116427800536865,0.46964911140876336,0.486871231088406,0.7672755346231741,0.5400572554681637,0.4247415160676884,0.3249344869115851,0.4017848223087766,0.1055317379650367,0.5357740305146976,0.7149862899009123,0.7449958518315987,0.5663378701902655,0.9941238925577823,0.38525658146373065,0.21185029042424847,0.4195814418978111,0.9585707591853891,0.28058005623208093,0.9874293309897396,0.2411080412896358,0.8507883181838581,0.16065474263345916,0.3981562604947812,0.8013816703701798,0.011655845761257139,0.9577109422189296,0.7550677785542186,0.3813832229487993,0.6022036265433026,0.9959997322577675,0.24576537475951468,0.0,0.6612689012290347,0.05884590291822922,0.5410768891288256,0.3814813837225108,0.8818057864171116,1.0,0.3852688300810418,0.8656159063602504,103.68104756042032,0.2,3652.0145033214208,10797.826667330406
-0.6225882875251483,0.9927629088341281,-0.9492691425310782,-0.06391932150130412,-0.9713999366394652,0.2528816124304874,0.2230899312643409,0.023740956943683705,0.16313255256563325,0.019764448168212555,0.0014965267448874857,0.2612110805941875,0.14866629486550642,0.008894397313274793,0.006002580375004507,0.8258590116963987,0.1494041446959252,0.011427193536781538,0.9059616576126786,0.2641412224750635,0.27923942927872525,0.4674244553878268,0.07987920287218463,0.5384637153809577,0.20226550066692423,0.01581381696154834,0.04733235831794204,0.7166133816428784,0.6140587981651365,0.4682664191182244,0.3368754789340651,0.1289998107097822,0.20378595119626572,0.20174315501947476,0.5648226830813727,0.121121273934705,0.0402609276056272,0.008673222909653108,0.23837732907842804,0.10502862533401157,0.5700786346791259,0.8728986197733638,0.1612676984425453,0.48449134161132357,0.19088584020417898,0.6336368168206324,0.014620584077609106,0.5563916428011616,0.2907970459124315,0.4250634625712391,0.39412276241046484,0.008277651302623736,0.47360464389243984,0.010863216096479382,0.049428883701229276,0.07739716632814024,0.2341275229738341,0.9827231217493346,0.21137974246004118,0.02531394483752162,0.5970014431386844,0.7016058902792389,0.4028888463516711,0.010289241967303825,0.6851664639637046,0.0012607299545702912,0.12660201716201797,0.9019375273488921,0.10822816501970356,0.3637618785197288,0.6614464223107432,0.005083271683373426,0.4707566011334884,0.2809501853707808,0.6160141691945018,0.6635013304953958,0.06503927981327101,0.9997733000701412,0.14598267807744558,0.48019145058531654,0.21220405136029938,0.6864301578247425,0.37666635964735673,0.5258343365479425,0.1089288497994459,0.5211487938644749,0.009484775182060791,0.23973713374963582,0.3338816668478636,0.44162528784690724,0.6219074522964687,0.5633563212400332,0.1243170964433006,0.4806392261869551,0.21994563479356574,0.23699188221950296,0.41556082224391183,0.9303597927638146,0.031345191916867236,0.6934551603850677,0.14014639059930722,0.8590258453854897,0.005555117341777449,0.28579821746106204,0.2750365401180241,0.3520716021939095,0.40636070304453964,0.17253276042493293,0.01751695614415998,0.05180428506708542,0.17657118036556102,0.817513421189005,0.22134133521041002,0.2448251607517076,0.27836529643085606,0.009878985703364929,0.5667929466522934,0.7401645318013622,0.9275709887442047,0.007320064672062282,0.11429821794978591,0.07031512352050487,0.352208162438578,0.031753919983924565,0.012293791983780888,0.005778868129294354,0.5441985665385008,0.15534265444193174,0.0023373192234545856,0.4816847774575994,0.3723196016911101,0.15473430361533885,0.6144199535937686,0.00041398452277201497,0.19966005537189002,0.5654251852624093,0.018177559215081934,1.0,0.01798970600031912,0.5535911791610423,0.12778912830698197,0.8160074525265235,0.01114612477059115,0.009545127137923493,0.3247430403217505,0.20234313519760116,0.598351471158643,0.22462601050352637,0.23571406322400545,0.07085297705166915,0.8937097665287095,0.13480274448882568,0.3407423627478967,0.3593704288585471,0.2591601616348658,0.5070016475272016,0.6562152237203367,0.48052421602392115,0.7317812489099402,0.04892551504163161,0.44059565204064977,0.7301389099135963,0.3567501282368183,0.5274448721035404,0.2701384443471767,0.023016356923190907,1.2807783884068755e-05,0.33566707592052125,0.021749629204997734,0.3202119992030616,0.43997308150283904,0.43513485309590316,0.8744506862051216,0.6835146266080014,0.4661817492489606,0.611043730523347,0.4582240583259112,0.6204834652107013,0.09279705087690036,0.6412239832883708,0.3076054341445666,0.2557160796522683,0.804481749852241,0.5129668288004636,0.21873945695563982,0.1020688766335688,0.19691971341739445,4.3359798922152585e-05,0.008107961969469817,0.359435522253735,0.16294985304224052,0.89422001461149,0.07040162220544292,0.5546399805668876,0.8436168245829829,0.3660351867818124,0.6658056012948327,0.15786531596686035,0.30879356425629023,0.01454686820144991,0.8104692429987813,0.45592719972518936,0.29081594784676196,0.2781189692810712,0.01233363711929572,0.008489613596804758,0.08848539592838908,0.23747450067120157,0.017604264398219296,0.08433428733478474,0.22990663941958894,0.08159887728733588,0.0056616790437431785,0.000494368284885912,0.4234993744050719,0.010302814943471862,0.2503305156995527,0.6629912264274223,0.0001956146880406906,0.2385948492265914,0.5097280891943764,0.006275141699098578,0.7812278782471652,0.25644704728950557,0.33732261142628467,0.010388539844983464,0.05726096856233255,0.26726762951095745,0.1858796589237421,0.5150204583754925,0.4618612781617688,0.26601985568710673,0.36505197152144164,0.8553658730414962,0.0008568102269101266,0.8780438544575052,0.4440974705149012,0.0915411336637303,0.19640624455749858,0.1653996028204518,0.8085363787197327,0.6464908035867326,0.12396951775853006,0.6178922092645294,103.49927840614379,1.0,3622.9183295425896,14385.80596374753
